Albert;Lamers;JocelynLamers@college.ie;student;2001;Lamers2001;female;22;+353 83 764 6680
Bruno;Sturdevant;BrunoSturdevant@college.ie;student;2002;Sturdevant2002;male;23;+353 83 764 6681
Kendal;Acheson;KendalAcheson@college.ie;student;2003;Acheson2003;female;20;+353 83 764 6682
Hiedi;Lovelady;HiediLovelady@college.ie;student;2004;Lovelady2004;male;22;+353 83 764 6683
Peggie;Catalano;PeggieCatalano@college.ie;student;2005;Catalano2005;female;23;+353 83 764 6684
Bao;Hutt;BaoHutt@college.ie;student;2006;Hutt2006;male;23;+353 83 764 6685
Lisabeth;Bradeen;LisabethBradeen@college.ie;student;2007;Bradeen2007;female;19;+353 83 764 6686
Heide;Garand;HeideGarand@college.ie;student;2008;Garand2008;male;23;+353 83 764 6687
Sharron;Lamberth;SharronLamberth@college.ie;professor;2009;Lamberth2009;female;26;+353 83 764 6688
Kyle;Hands;KyleHands@college.ie;student;2010;Hands2010;male;19;+353 83 764 6689
Edythe;Faucett;EdytheFaucett@college.ie;student;2011;Faucett2011;female;21;+353 83 764 6690
Kirstin;Pray;KirstinPray@college.ie;student;2012;Pray2012;female;19;+353 83 764 6691
Neil;Canova;NeilCanova@college.ie;student;2013;Canova2013;male;20;+353 83 764 6692
Michaela;Mcauley;MichaelaMcauley@college.ie;professor;2014;Mcauley2014;female;27;+353 83 764 6693
Loreta;Villani;LoretaVillani@college.ie;student;2015;Villani2015;female;24;+353 83 764 6694
Jona;Mcmickle;JonaMcmickle@college.ie;student;2016;Mcmickle2016;male;20;+353 83 764 6695
Marketta;Feng;MarkettaFeng@college.ie;student;2017;Feng2017;female;18;+353 83 764 6696
Aldo;Bellah;AldoBellah@college.ie;student;2018;Bellah2018;male;22;+353 83 764 6697
Lincoln;Hayworth;LincolnHayworth@college.ie;student;2019;Hayworth2019;male;22;+353 83 764 6698
Larissa;Mora;LarissaMora@college.ie;professor;2020;Mora2020;female;27;+353 83 764 6699
Leesa;Polston;LeesaPolston@college.ie;student;2021;Polston2021;female;20;+353 83 764 6700
Marg;Kawakami;MargKawakami@college.ie;student;2022;Kawakami2022;female;20;+353 83 764 6701
Veronica;Hanzlik;VeronicaHanzlik@college.ie;student;2023;Hanzlik2023;female;21;+353 83 764 6702
Otilia;Stonebraker;OtiliaStonebraker@college.ie;student;2024;Stonebraker2024;female;21;+353 83 764 6703
Beatris;Lathrop;BeatrisLathrop@college.ie;student;2025;Lathrop2025;female;25;+353 83 764 6704
Afton;Basel;AftonBasel@college.ie;student;2026;Basel2026;male;24;+353 83 764 6705
Evelyne;Owen;EvelyneOwen@college.ie;student;2027;Owen2027;female;18;+353 83 764 6706
Sherice;Pohl;ShericePohl@college.ie;student;2028;Pohl2028;female;25;+353 83 764 6707
Emelda;Kerlin;EmeldaKerlin@college.ie;student;2029;Kerlin2029;female;19;+353 83 764 6708
Basil;Ausherman;BasilAusherman@college.ie;student;2030;Ausherman2030;male;20;+353 83 764 6709
Micheline;Ready;MichelineReady@college.ie;student;2031;Ready2031;female;24;+353 83 764 6710
Olinda;Berube;OlindaBerube@college.ie;student;2032;Berube2032;female;22;+353 83 764 6711
Blanca;Rector;BlancaRector@college.ie;student;2033;Rector2033;female;25;+353 83 764 6712
Marilyn;Mcgray;MarilynMcgray@college.ie;professor;2034;Mcgray2034;female;26;+353 83 764 6713
Pablo;Huseman;PabloHuseman@college.ie;student;2035;Huseman2035;male;25;+353 83 764 6714
Perla;Gunnell;PerlaGunnell@college.ie;professor;2036;Gunnell2036;female;27;+353 83 764 6715
Wonda;Sell;WondaSell@college.ie;student;2037;Sell2037;female;18;+353 83 764 6716
Jenniffer;Willmon;JennifferWillmon@college.ie;student;2038;Willmon2038;female;19;+353 83 764 6717
Latashia;Abele;LatashiaAbele@college.ie;student;2039;Abele2039;female;18;+353 83 764 6718
Roni;Vannoy;RoniVannoy@college.ie;student;2040;Vannoy2040;male;20;+353 83 764 6719
Princess;Palomino;PrincessPalomino@college.ie;professor;2041;Palomino2041;female;26;+353 83 764 6720
Lee;Verge;LeeVerge@college.ie;student;2042;Verge2042;male;18;+353 83 764 6721
Mason;Frasca;MasonFrasca@college.ie;student;2043;Frasca2043;male;20;+353 83 764 6722
Ngan;Pabst;NganPabst@college.ie;student;2044;Pabst2044;male;20;+353 83 764 6723
Ligia;Zachary;LigiaZachary@college.ie;professor;2045;Zachary2045;male;26;+353 83 764 6724
Homer;Garfinkel;HomerGarfinkel@college.ie;professor;2046;Garfinkel2046;male;27;+353 83 764 6725
Ruth;Tai;RuthTai@college.ie;administrator;2047;Tai2047;male;45;+353 83 764 6726
Marleen;Battaglia;MarleenBattaglia@college.ie;student;2048;Battaglia2048;male;19;+353 83 764 6727
Bella;Singleterry;BellaSingleterry@college.ie;professor;2049;Singleterry2049;female;26;+353 83 764 6728
